output_repo_commit_message	output_repo_branch	output_repo_commit_hash	project_repo_commit_hash	project_repo_folder_name	project_repo_remotes	python_sys_args	tags	options_hash
Add experimental data; 	2025-11-23_15-36-31_main_ab9cb48	6ced936c8f656f6b8275379d83d39343de829b99	ab9cb4862d1d1ca3e8c1e162a4a37219f508555b	parameter_estimation	['git@jugit.fz-juelich.de:j.schmoelder/parameter_estimation.git']	['/home/jo/software/miniforge3/envs/diss/bin/rdm', 'data', 'import', './output_cached/experimental_data', 'Add experimental data']		
E1; 	2025-11-23_15-45-27_main_de59d7f	40b2f02937b4374349486e79e95aed80ef1cd2d0	de59d7fb82755e5b30a4c690b74fd30ce541a651	parameter_estimation	['git@jugit.fz-juelich.de:j.schmoelder/parameter_estimation.git']	['/home/jo/code/CADET-Process/projects/diss/parameter_estimation/parameter_estimation/dev_run_all.py']		
E2; 	2025-11-23_15-48-10_main_de59d7f	e8458146cf179e0f7b39f62dc9eaaf96719bf8cb	de59d7fb82755e5b30a4c690b74fd30ce541a651	parameter_estimation	['git@jugit.fz-juelich.de:j.schmoelder/parameter_estimation.git']	['/home/jo/code/CADET-Process/projects/diss/parameter_estimation/parameter_estimation/dev_run_all.py']		
E3; 	2025-11-23_15-51-33_main_de59d7f	deec78257e7cc59baf855c7e1856a54a80a95be8	de59d7fb82755e5b30a4c690b74fd30ce541a651	parameter_estimation	['git@jugit.fz-juelich.de:j.schmoelder/parameter_estimation.git']	['/home/jo/code/CADET-Process/projects/diss/parameter_estimation/parameter_estimation/dev_run_all.py']		
E4; 	2025-11-23_15-56-41_main_de59d7f	f46d9cbc8e0aadb690df5ea8242d46556ff3c77e	de59d7fb82755e5b30a4c690b74fd30ce541a651	parameter_estimation	['git@jugit.fz-juelich.de:j.schmoelder/parameter_estimation.git']	['/home/jo/code/CADET-Process/projects/diss/parameter_estimation/parameter_estimation/dev_run_all.py']		
E5; 	2025-11-23_16-02-34_main_de59d7f	587734447c33b81215591f1ee434e7fddc49307a	de59d7fb82755e5b30a4c690b74fd30ce541a651	parameter_estimation	['git@jugit.fz-juelich.de:j.schmoelder/parameter_estimation.git']	['/home/jo/code/CADET-Process/projects/diss/parameter_estimation/parameter_estimation/dev_run_all.py']		
E6; 	2025-11-23_16-06-55_main_de59d7f	a6ebd404b9fb025680c2deb4c61ef6aff6ec29a3	de59d7fb82755e5b30a4c690b74fd30ce541a651	parameter_estimation	['git@jugit.fz-juelich.de:j.schmoelder/parameter_estimation.git']	['/home/jo/code/CADET-Process/projects/diss/parameter_estimation/parameter_estimation/dev_run_all.py']		
E8; 	2025-11-23_16-15-24_main_de59d7f	75a8426e14eda3ce5627c020a71fac0ceeb4986f	de59d7fb82755e5b30a4c690b74fd30ce541a651	parameter_estimation	['git@jugit.fz-juelich.de:j.schmoelder/parameter_estimation.git']	['/home/jo/code/CADET-Process/projects/diss/parameter_estimation/parameter_estimation/dev_run_all.py']		
E7; 	2025-11-23_16-16-23_main_de59d7f	b45c35ab814686ae1d2ec6ee6599fb3b677d2e0f	de59d7fb82755e5b30a4c690b74fd30ce541a651	parameter_estimation	['git@jugit.fz-juelich.de:j.schmoelder/parameter_estimation.git']	['/home/jo/code/CADET-Process/projects/diss/parameter_estimation/parameter_estimation/dev_run_all.py']		
E7; 	2025-11-23_16-21-02_main_de59d7f	474e86a10ca2a07831ad328d5d94692342b2eae1	55c48b53da3e12465256183bda96838d27703eba	parameter_estimation	['git@jugit.fz-juelich.de:j.schmoelder/parameter_estimation.git']	['/home/IBT/schmoelder/software/miniforge3/envs/diss_parameter_estimation/lib/python3.12/site-packages/ipykernel_launcher.py', '-f', '/tmp/nvim.schmoelder/ANRPGV/0.json']		nj3vg7ydfywds81mhxk0w85aze6p4q25
E7; 	2025-11-23_16-35-07_main_de59d7f	29139489aa2c78fddc3e2a614d679a6f38a2eb92	de59d7fb82755e5b30a4c690b74fd30ce541a651	parameter_estimation	['git@jugit.fz-juelich.de:j.schmoelder/parameter_estimation.git']	['/home/jo/code/CADET-Process/projects/diss/parameter_estimation/parameter_estimation/dev_run_all.py']		
E9; 	2025-11-24_16-48-43_main_51863e4	abf41fe70267793eb45f48469dc38f7cba7258a9	51863e445f3a6e76fff4d6315963c9bc1458841d	parameter_estimation	['git@jugit.fz-juelich.de:j.schmoelder/parameter_estimation.git']	['/home/IBT/schmoelder/software/miniforge3/envs/diss_parameter_estimation/lib/python3.12/site-packages/ipykernel_launcher.py', '-f', '/tmp/nvim.schmoelder/zN5XGT/1.json']		
E9; 	2025-11-25_07-19-17_main_51863e4	5fccd51770d009defa71bce0d0a74df916888fe7	51863e445f3a6e76fff4d6315963c9bc1458841d	parameter_estimation	['git@jugit.fz-juelich.de:j.schmoelder/parameter_estimation.git']	['/home/IBT/schmoelder/software/miniforge3/envs/diss_parameter_estimation/lib/python3.12/site-packages/ipykernel_launcher.py', '-f', '/tmp/nvim.schmoelder/zN5XGT/1.json']		
E9; 	2025-11-25_08-41-34_main_51863e4	653e72887d0309943f163fe8a4bc385eab276d71	51863e445f3a6e76fff4d6315963c9bc1458841d	parameter_estimation	['git@jugit.fz-juelich.de:j.schmoelder/parameter_estimation.git']	['/home/IBT/schmoelder/software/miniforge3/envs/diss_parameter_estimation/lib/python3.12/site-packages/ipykernel_launcher.py', '-f', '/tmp/nvim.schmoelder/zN5XGT/1.json']		
E1; 	2025-11-25_16-31-12_main_55c48b5	9d6d34ee3f91f6547df1c292bd1b6318c71ec5b5	55c48b53da3e12465256183bda96838d27703eba	parameter_estimation	['git@jugit.fz-juelich.de:j.schmoelder/parameter_estimation.git']	['/home/jo/code/CADET-Process/projects/diss/parameter_estimation/parameter_estimation/dev_run_all.py']		5cmzfw9st41h1ajyw6r12y5xgwg2xtea
E2; 	2025-11-25_16-33-23_main_55c48b5	f8391a2791b73ab2fdcd25255a20d427d1c4ba3a	55c48b53da3e12465256183bda96838d27703eba	parameter_estimation	['git@jugit.fz-juelich.de:j.schmoelder/parameter_estimation.git']	['/home/jo/code/CADET-Process/projects/diss/parameter_estimation/parameter_estimation/dev_run_all.py']		x4nq0db7k5dmknybxfv8rze9bdmvbh1j
E3; 	2025-11-25_16-36-11_main_55c48b5	db70a0e07d0d2d0d95ff6b4aab301b38259345b3	55c48b53da3e12465256183bda96838d27703eba	parameter_estimation	['git@jugit.fz-juelich.de:j.schmoelder/parameter_estimation.git']	['/home/jo/code/CADET-Process/projects/diss/parameter_estimation/parameter_estimation/dev_run_all.py']		3mrd6qmczk4bt757ajc76kze9m59c4zt
E4; 	2025-11-25_16-44-03_main_55c48b5	6b7fe016fafab340b5067d9bc99622f449c22be8	55c48b53da3e12465256183bda96838d27703eba	parameter_estimation	['git@jugit.fz-juelich.de:j.schmoelder/parameter_estimation.git']	['/home/jo/code/CADET-Process/projects/diss/parameter_estimation/parameter_estimation/dev_run_all.py']		11mdrpqxg0jeqpp0senb391sg0cv5h8p
E5; 	2025-11-25_16-47-53_main_55c48b5	676b686cc1ae7d1f15b8198a13e8a6069d9f76b7	55c48b53da3e12465256183bda96838d27703eba	parameter_estimation	['git@jugit.fz-juelich.de:j.schmoelder/parameter_estimation.git']	['/home/jo/code/CADET-Process/projects/diss/parameter_estimation/parameter_estimation/dev_run_all.py']		p1qdpe95v4se0re0cqyf402svfsj0aqs
E6; 	2025-11-25_16-50-18_main_55c48b5	ab26590e9afe38b7c1ca00421bb3e038196d595e	55c48b53da3e12465256183bda96838d27703eba	parameter_estimation	['git@jugit.fz-juelich.de:j.schmoelder/parameter_estimation.git']	['/home/jo/code/CADET-Process/projects/diss/parameter_estimation/parameter_estimation/dev_run_all.py']		ytcettz0zhkzhabvy5phwkxm4dg2t12p
E8; 	2025-11-25_16-57-26_main_55c48b5	3fd74b0f633a94824b7147153769f2cee4ba74aa	55c48b53da3e12465256183bda96838d27703eba	parameter_estimation	['git@jugit.fz-juelich.de:j.schmoelder/parameter_estimation.git']	['/home/jo/code/CADET-Process/projects/diss/parameter_estimation/parameter_estimation/dev_run_all.py']		fqenyxtnh01mgyqy3wv6as4m2j7esf69
E7; 	2025-11-25_16-24-04_main_55c48b5	28ca62b2988f33a84e24b3331355384ffcd8b9c7	55c48b53da3e12465256183bda96838d27703eba	parameter_estimation	['git@jugit.fz-juelich.de:j.schmoelder/parameter_estimation.git']	['/home/IBT/schmoelder/software/miniforge3/envs/diss_parameter_estimation/lib/python3.12/site-packages/ipykernel_launcher.py', '-f', '/tmp/nvim.schmoelder/ANRPGV/0.json']		mdsk0xhmj00y1c4jvyr1q9sg9ah5ryg0
E7; 	2025-11-25_17-09-59_main_55c48b5	c26b5a7585a1b3580ba0b686dd3e3f679e77e69f	55c48b53da3e12465256183bda96838d27703eba	parameter_estimation	['git@jugit.fz-juelich.de:j.schmoelder/parameter_estimation.git']	['/home/IBT/schmoelder/software/miniforge3/envs/diss_parameter_estimation/lib/python3.12/site-packages/ipykernel_launcher.py', '-f', '/tmp/nvim.schmoelder/ANRPGV/0.json']		6xy01aqs0f2d49vgh6nasw3czg75w91p
E9; 	2025-11-25_18-54-13_main_55c48b5	5a22c64929d388b7514ee1726e7e62034e494b5d	55c48b53da3e12465256183bda96838d27703eba	parameter_estimation	['git@jugit.fz-juelich.de:j.schmoelder/parameter_estimation.git']	['/home/IBT/schmoelder/software/miniforge3/envs/diss_parameter_estimation/lib/python3.12/site-packages/ipykernel_launcher.py', '-f', '/tmp/nvim.schmoelder/ANRPGV/0.json']		ff4recbbbg6ba9wkaseyy9wyn0jxycfh
E9; 	2025-11-25_21-00-22_main_55c48b5	b303cdcfe2e01d719d7d888023bde323a23552a1	55c48b53da3e12465256183bda96838d27703eba	parameter_estimation	['git@jugit.fz-juelich.de:j.schmoelder/parameter_estimation.git']	['/home/IBT/schmoelder/software/miniforge3/envs/diss_parameter_estimation/lib/python3.12/site-packages/ipykernel_launcher.py', '-f', '/tmp/nvim.schmoelder/ANRPGV/0.json']		sd0xkf9xdaz4jx4d893vydhxkj1cyj3w
E9; 	2025-11-25_23-10-22_main_55c48b5	055c54ec25dc922905b008dfa40a5aaef84bcec5	55c48b53da3e12465256183bda96838d27703eba	parameter_estimation	['git@jugit.fz-juelich.de:j.schmoelder/parameter_estimation.git']	['/home/IBT/schmoelder/software/miniforge3/envs/diss_parameter_estimation/lib/python3.12/site-packages/ipykernel_launcher.py', '-f', '/tmp/nvim.schmoelder/ANRPGV/0.json']		kf46z0n38k2qkdjhvd465h55yf0j2h1w
E1; 	2025-11-26_09-36-51_main_4ef30b8	d7d7cec9b47e1ee7cbc751afc7c20ff02d27fc70	4ef30b8e846cecdb0bfa2ce42abca9d3bf6faf1d	parameter_estimation	['git@jugit.fz-juelich.de:j.schmoelder/parameter_estimation.git']	['/home/jo/code/CADET-Process/projects/diss/parameter_estimation/parameter_estimation/dev_run_all.py']		5cmzfw9st41h1ajyw6r12y5xgwg2xtea
E2; 	2025-11-26_09-39-42_main_4ef30b8	066e8326f448fdf18acc30109da71bb7094636dd	4ef30b8e846cecdb0bfa2ce42abca9d3bf6faf1d	parameter_estimation	['git@jugit.fz-juelich.de:j.schmoelder/parameter_estimation.git']	['/home/jo/code/CADET-Process/projects/diss/parameter_estimation/parameter_estimation/dev_run_all.py']		y7d57heqrzmvvy9rxhczwb8zzc84r7
E3; 	2025-11-26_09-42-20_main_4ef30b8	d9af6231cd7eba0f59d533141e7012980789322d	4ef30b8e846cecdb0bfa2ce42abca9d3bf6faf1d	parameter_estimation	['git@jugit.fz-juelich.de:j.schmoelder/parameter_estimation.git']	['/home/jo/code/CADET-Process/projects/diss/parameter_estimation/parameter_estimation/dev_run_all.py']		19v2xs1gq9spe4pnxf7mswaaf1pw90tp
E4; 	2025-11-26_09-45-49_main_4ef30b8	beab484c667dfb43f8432ad546cdadb4805ed07f	4ef30b8e846cecdb0bfa2ce42abca9d3bf6faf1d	parameter_estimation	['git@jugit.fz-juelich.de:j.schmoelder/parameter_estimation.git']	['/home/jo/code/CADET-Process/projects/diss/parameter_estimation/parameter_estimation/dev_run_all.py']		gqbpka33n9tqrzkgak9j53b873tets2h
E5; 	2025-11-26_09-49-22_main_4ef30b8	df98585fb7032ce6950a669667237268253dea3a	4ef30b8e846cecdb0bfa2ce42abca9d3bf6faf1d	parameter_estimation	['git@jugit.fz-juelich.de:j.schmoelder/parameter_estimation.git']	['/home/jo/code/CADET-Process/projects/diss/parameter_estimation/parameter_estimation/dev_run_all.py']		1wqwssd3dbhcjv608a0y5m3qes80tj2v
E6; 	2025-11-26_09-51-51_main_4ef30b8	e1fcad3e039afc3186ffb7dfe5385d9d3765998d	4ef30b8e846cecdb0bfa2ce42abca9d3bf6faf1d	parameter_estimation	['git@jugit.fz-juelich.de:j.schmoelder/parameter_estimation.git']	['/home/jo/code/CADET-Process/projects/diss/parameter_estimation/parameter_estimation/dev_run_all.py']		rgh6y6cn6zanr57gy0d8g8xamm1yncsf
E8; 	2025-11-26_09-58-09_main_4ef30b8	a072c7d9ddcfb8e959ddd5062acb78eadcf33c45	4ef30b8e846cecdb0bfa2ce42abca9d3bf6faf1d	parameter_estimation	['git@jugit.fz-juelich.de:j.schmoelder/parameter_estimation.git']	['/home/jo/code/CADET-Process/projects/diss/parameter_estimation/parameter_estimation/dev_run_all.py']		mj5kj0sfkcxg28p56x7vnxrf89a74395
